sergiocabral_com,https://www.youtube.com/c/SergioCabralJr
vcwild,
kaduzius,https://www.youtube.com/channel/UC3pkYuCPdMK7aEqYXcatzNQ
em1dio,
dornellestv,
fiotebeardev,
datasciencebits,
leo_churrasqueiro,
casadodev,
linuxtips,
vilelalabs,
adanporto,
bernardo_raposo,
oxechicao,
alorenato,
mecatralha,
pablohdev,
xdidadev,
alissonzam,
jeylab_robotica,
digzom,
alexdrogo_,
maiattodev,
2lmaker,
cafecodes,
cafedodeveloper,
cerato_cone,
daviprm,
daviprm__________________,
dwtoledo,
jp_amis,
isabellacacelia,
maicaosgz,
monicaintech,
umataldetatiana,
vitormalencar,

aajohanna,
julialabs,
eduardorfs,
victorzonta,
gustavodahoradev,
pokemaobr,
tonhocodes,
seufernandez,
guiks7,
bittoin,
moniquelive,
profbrunolopes,
amanditadev,
mrfields_,
pimofrances,
rozdrigo_,
igorito_01,
grumpy_lele,
xtecna,
egermano,
maykbrito,
thaissacandella,
codingdaughter,
ndprafaze,
jakeliny,
rahmaidev,
igor_rincon,
programadorbinario,
bug_elseif,
tearing5,
pachicodes,
dunossauro,
levxyca,
mmillecm,
ps1locibin4,
kvnol,
rychillie,
lysonjeada,
leonadev,
adielseffrin,
antonydev,
thifacoumcodigo,
id_akira,
luannpeixe,
augustoangelim,
hackingesports,
7robots,
doceazedo911,
cp_luiz,
a7yson,
kastr0walker,
mariorez,
eduardoromeiro_,
maicaosgz,
marcelo_devsres,
snittey,
oluizdequeiroz,
guinub,
isabellaherman,
tonelive,
orangejuicefc,
id_santos,



